Identifiant Commande,Date de vente,Produit ID,Quantité vendue,Montant de la vente
CMD_5001,2026-06-07T18:51:00,PROD_009,2,172.36
CMD_5005,2026-06-07T13:18:00,PROD_013,1,486.83
CMD_5006,2026-06-07T18:21:00,PROD_005,4,1140.04
CMD_5007,2026-06-07T16:18:00,PROD_015,3,878.7
CMD_5009,2026-06-07T20:16:00,PROD_017,2,858.22
CMD_5010,2026-06-07T20:24:00,PROD_012,3,1216.47
CMD_5012,2026-06-07T09:12:00,PROD_019,2,382.78
CMD_5017,2026-06-08T13:11:00,PROD_002,2,156.74
CMD_5019,2026-06-08T13:29:00,PROD_014,1,280.5
CMD_5023,2026-06-08T08:44:00,PROD_004,2,111.82
CMD_5033,2026-06-09T12:13:00,PROD_017,3,1287.33
CMD_5036,2026-06-09T10:23:00,PROD_018,3,438.63
CMD_5038,2026-06-09T08:06:00,PROD_009,2,172.36
CMD_5040,2026-06-09T16:16:00,PROD_005,2,-570.02
CMD_5041,2026-06-09T14:00:00,PROD_010,2,110.9
CMD_5042,2026-06-09T13:58:00,PROD_004,2,111.82
CMD_5049,2026-06-10T13:58:00,PROD_014,1,280.5
CMD_5052,2026-06-10T17:25:00,PROD_011,3,1275.81
CMD_5054,2026-06-10T19:01:00,PROD_013,1,486.83
CMD_5055,2026-06-10T11:41:00,PROD_010,4,221.8
CMD_5056,2026-06-10T16:36:00,PROD_007,3,1219.86
CMD_5060,2026-06-10T20:59:00,PROD_001,2,746.72
CMD_5063,2026-06-11T15:26:00,PROD_016,4,1336.08
CMD_5068,2026-06-11T15:03:00,PROD_014,4,1122.0
CMD_5069,2026-06-11T13:31:00,PROD_001,2,746.72
CMD_5071,2026-06-11T19:18:00,PROD_013,1,486.83
CMD_5077,2026-06-12T10:44:00,PROD_008,3,1056.27
CMD_5078,2026-06-12T17:42:00,PROD_006,3,354.06
CMD_5081,2026-06-12T20:20:00,PROD_020,4,1415.56
CMD_5082,2026-06-12T09:37:00,PROD_012,1,405.49
CMD_5089,2026-06-12T17:00:00,PROD_016,4,1336.08
CMD_5091,2026-06-13T12:24:00,PROD_015,1,292.9
CMD_5092,2026-06-13T11:23:00,PROD_006,3,354.06
CMD_5097,2026-06-13T09:36:00,PROD_004,2,111.82
CMD_5098,2026-06-13T12:11:00,PROD_019,2,382.78
CMD_5099,2026-06-13T16:11:00,PROD_013,1,486.83
CMD_5100,2026-06-13T20:20:00,PROD_004,2,
CMD_5103,2026-06-13T20:04:00,PROD_010,2,110.9
CMD_5104,2026-06-13T16:20:00,PROD_004,1,55.91
CMD_5106,2026-06-14T15:17:00,PROD_016,3,1002.06
CMD_5107,2026-06-14T11:54:00,PROD_003,3,898.02
CMD_5109,2026-06-14T12:22:00,PROD_015,1,292.9
CMD_5110,2026-06-14T14:26:00,PROD_012,4,1621.96
CMD_5114,2026-06-14T13:49:00,PROD_017,3,1287.33
CMD_5116,2026-06-14T20:25:00,PROD_020,4,1415.56
CMD_5118,2026-06-14T19:27:00,PROD_017,4,1716.44
CMD_5119,2026-06-14T14:23:00,PROD_005,1,285.01
CMD_5120,2026-06-14T14:07:00,PROD_014,3,-841.5
CMD_5121,2026-06-15T20:42:00,PROD_018,4,584.84
CMD_5124,2026-06-15T10:01:00,PROD_011,1,425.27
CMD_5126,2026-06-15T17:51:00,PROD_011,4,1701.08
CMD_5127,2026-06-15T16:09:00,PROD_016,2,668.04
CMD_5130,2026-06-15T10:27:00,PROD_014,2,561.0
CMD_5136,2026-06-16T18:00:00,PROD_001,3,1120.08
CMD_5137,2026-06-16T20:28:00,PROD_020,1,353.89
CMD_5142,2026-06-16T20:26:00,PROD_005,3,855.03
CMD_5146,2026-06-16T18:15:00,PROD_008,4,1408.36
CMD_5150,2026-06-16T19:34:00,PROD_002,1,
CMD_5151,2026-06-17T15:16:00,PROD_004,3,167.73
CMD_5154,2026-06-17T12:59:00,PROD_001,1,373.36
CMD_5155,2026-06-17T10:05:00,PROD_001,2,746.72
CMD_5156,2026-06-17T10:53:00,PROD_002,4,313.48
CMD_5157,2026-06-17T17:11:00,PROD_017,3,1287.33
CMD_5158,2026-06-17T08:41:00,PROD_001,4,1493.44
CMD_5162,2026-06-17T18:52:00,PROD_004,4,223.64
CMD_5164,2026-06-17T14:30:00,PROD_011,1,425.27
CMD_5166,2026-06-18T18:54:00,PROD_012,3,1216.47
CMD_5169,2026-06-18T12:05:00,PROD_019,1,191.39
CMD_5170,2026-06-18T08:19:00,PROD_009,1,86.18
CMD_5171,2026-06-18T17:46:00,PROD_005,1,285.01
CMD_5176,2026-06-18T18:53:00,PROD_010,2,110.9
CMD_5177,2026-06-18T08:07:00,PROD_020,3,1061.67
CMD_5180,2026-06-18T08:40:00,PROD_014,4,1122.0
CMD_5183,2026-06-19T11:24:00,PROD_011,2,850.54
CMD_5188,2026-06-19T15:48:00,PROD_016,1,334.02
CMD_5190,2026-06-19T19:02:00,PROD_003,4,1197.36
CMD_5192,2026-06-19T13:45:00,PROD_007,1,406.62
CMD_5196,2026-06-20T20:07:00,PROD_009,1,86.18
CMD_5198,2026-06-20T16:35:00,PROD_010,1,55.45
CMD_5201,2026-06-20T09:25:00,PROD_005,1,285.01
CMD_5203,2026-06-20T10:23:00,PROD_005,4,1140.04
CMD_5204,2026-06-20T13:55:00,PROD_014,2,561.0
CMD_5206,2026-06-20T16:00:00,PROD_015,2,585.8
CMD_5207,2026-06-20T11:08:00,PROD_020,1,353.89
CMD_5209,2026-06-20T14:12:00,PROD_005,1,285.01
CMD_5210,2026-06-20T14:42:00,PROD_002,2,156.74
CMD_5211,2026-06-21T13:05:00,PROD_002,4,313.48
CMD_5212,2026-06-21T09:09:00,PROD_001,4,1493.44
CMD_5216,2026-06-21T14:06:00,PROD_010,1,55.45
CMD_5217,2026-06-21T09:46:00,PROD_012,4,1621.96
CMD_5218,2026-06-21T13:25:00,PROD_013,2,973.66
CMD_5220,2026-06-21T14:04:00,PROD_018,2,292.42
CMD_5224,2026-06-21T12:18:00,PROD_011,4,1701.08
CMD_5228,2026-06-22T15:12:00,PROD_012,3,1216.47
CMD_5229,2026-06-22T09:50:00,PROD_002,1,78.37
CMD_5231,2026-06-22T13:29:00,PROD_012,3,1216.47
CMD_5236,2026-06-22T15:22:00,PROD_003,3,898.02
CMD_5237,2026-06-22T16:23:00,PROD_018,3,438.63
CMD_5238,2026-06-22T09:17:00,PROD_008,3,1056.27
CMD_5240,2026-06-22T12:37:00,PROD_003,1,-299.34
CMD_5241,2026-06-23T13:19:00,PROD_017,2,858.22
CMD_5248,2026-06-23T08:51:00,PROD_003,4,1197.36
CMD_5249,2026-06-23T16:04:00,PROD_001,4,1493.44
CMD_5252,2026-06-23T19:28:00,PROD_011,3,1275.81
CMD_5254,2026-06-23T09:14:00,PROD_005,2,570.02
CMD_5258,2026-06-24T14:17:00,PROD_004,1,55.91
CMD_5266,2026-06-24T17:35:00,PROD_010,3,166.35
CMD_5267,2026-06-24T13:29:00,PROD_001,4,1493.44
CMD_5271,2026-06-25T11:46:00,PROD_017,2,858.22
CMD_5272,2026-06-25T13:41:00,PROD_018,2,292.42
CMD_5273,2026-06-25T12:21:00,PROD_018,4,584.84
CMD_5275,2026-06-25T15:05:00,PROD_018,3,
CMD_5276,2026-06-25T19:17:00,PROD_010,2,110.9
CMD_5284,2026-06-25T11:37:00,PROD_019,4,765.56
CMD_5285,2026-06-25T14:56:00,PROD_002,3,235.11
CMD_5287,2026-06-26T10:52:00,PROD_011,3,1275.81
CMD_5289,2026-06-26T14:41:00,PROD_013,2,973.66
CMD_5293,2026-06-26T14:51:00,PROD_006,3,354.06
CMD_5294,2026-06-26T11:21:00,PROD_008,3,1056.27
CMD_5295,2026-06-26T15:57:00,PROD_018,1,146.21
CMD_5300,2026-06-26T16:38:00,PROD_002,3,
CMD_5301,2026-06-27T16:09:00,PROD_003,1,299.34
CMD_5305,2026-06-27T16:13:00,PROD_013,3,1460.49
CMD_5311,2026-06-27T19:49:00,PROD_008,2,704.18
CMD_5316,2026-06-28T19:14:00,PROD_010,2,110.9
CMD_5317,2026-06-28T12:18:00,PROD_008,1,352.09
CMD_5318,2026-06-28T08:28:00,PROD_007,2,813.24
CMD_5321,2026-06-28T19:50:00,PROD_008,3,1056.27
CMD_5323,2026-06-28T15:17:00,PROD_016,2,668.04
CMD_5324,2026-06-28T14:07:00,PROD_011,3,1275.81
CMD_5326,2026-06-28T18:05:00,PROD_013,3,1460.49
CMD_5328,2026-06-28T11:00:00,PROD_016,1,334.02
CMD_5329,2026-06-28T10:56:00,PROD_014,2,561.0
CMD_5330,2026-06-28T13:17:00,PROD_015,1,292.9
CMD_5331,2026-06-29T08:41:00,PROD_010,1,55.45
CMD_5337,2026-06-29T18:05:00,PROD_011,2,850.54
CMD_5339,2026-06-29T16:42:00,PROD_009,1,86.18
CMD_5340,2026-06-29T10:58:00,PROD_019,2,382.78
CMD_5346,2026-06-30T10:30:00,PROD_009,3,258.54
CMD_5350,2026-06-30T14:12:00,PROD_011,2,
CMD_5355,2026-06-30T12:10:00,PROD_005,3,855.03
CMD_5357,2026-06-30T19:18:00,PROD_020,3,1061.67
CMD_5359,2026-06-30T10:11:00,PROD_012,1,405.49
CMD_5360,2026-06-30T15:57:00,PROD_007,4,-1626.48
CMD_5361,2026-07-01T09:41:00,PROD_013,4,1947.32
CMD_5362,2026-07-01T20:33:00,PROD_002,1,78.37
CMD_5363,2026-07-01T10:55:00,PROD_012,3,1216.47
CMD_5364,2026-07-01T08:20:00,PROD_004,2,111.82
CMD_5365,2026-07-01T14:41:00,PROD_012,3,1216.47
CMD_5367,2026-07-01T12:28:00,PROD_012,4,1621.96
CMD_5370,2026-07-01T16:21:00,PROD_008,2,704.18
CMD_5372,2026-07-01T15:40:00,PROD_007,3,1219.86
CMD_5374,2026-07-01T09:27:00,PROD_015,4,1171.6
CMD_5375,2026-07-01T17:18:00,PROD_013,1,
CMD_5378,2026-07-02T20:05:00,PROD_018,3,438.63
CMD_5379,2026-07-02T13:55:00,PROD_006,4,472.08
CMD_5383,2026-07-02T20:03:00,PROD_019,1,191.39
CMD_5384,2026-07-02T13:39:00,PROD_018,2,292.42
CMD_5387,2026-07-02T12:02:00,PROD_008,4,1408.36
CMD_5388,2026-07-02T10:59:00,PROD_020,3,1061.67
CMD_5390,2026-07-02T17:27:00,PROD_010,2,110.9
CMD_5392,2026-07-03T18:29:00,PROD_009,4,344.72
CMD_5393,2026-07-03T20:10:00,PROD_009,1,86.18
CMD_5394,2026-07-03T18:48:00,PROD_015,2,585.8
CMD_5396,2026-07-03T18:01:00,PROD_005,1,285.01
CMD_5399,2026-07-03T18:31:00,PROD_003,1,299.34
CMD_5400,2026-07-03T19:52:00,PROD_010,1,
CMD_5401,2026-07-03T09:18:00,PROD_016,1,334.02
CMD_5404,2026-07-03T14:54:00,PROD_005,1,285.01
CMD_5409,2026-07-04T19:07:00,PROD_001,4,1493.44
CMD_5411,2026-07-04T15:50:00,PROD_008,3,1056.27
CMD_5415,2026-07-04T16:31:00,PROD_013,4,1947.32
CMD_5417,2026-07-04T09:39:00,PROD_010,1,55.45
CMD_5419,2026-07-04T15:46:00,PROD_004,1,55.91
CMD_5422,2026-07-05T16:18:00,PROD_009,4,344.72
CMD_5424,2026-07-05T17:48:00,PROD_004,1,55.91
CMD_5427,2026-07-05T19:23:00,PROD_014,1,280.5
CMD_5429,2026-07-05T20:57:00,PROD_010,3,166.35
CMD_5431,2026-07-05T16:00:00,PROD_019,2,382.78
CMD_5432,2026-07-05T08:16:00,PROD_014,4,1122.0
CMD_5435,2026-07-05T14:53:00,PROD_017,1,429.11
CMD_5436,2026-07-06T11:28:00,PROD_005,3,855.03
CMD_5441,2026-07-06T19:51:00,PROD_010,2,110.9
CMD_5446,2026-07-06T18:45:00,PROD_012,1,405.49
CMD_5449,2026-07-06T19:34:00,PROD_014,3,841.5
